First Name,Middle Name,Last Name,Gender,Date of Birth,Height (m),Weight (kg),Temperature (°C),Blood Pressure,Heart Rate (bpm),County,Sub County,Ward,Village,Visit Date,Next Appointment Date,Doctor,Illness,Prescription
Daniel,Richard,Clarke,Female,1/14/1936,1.6,64.2,36.9,95/62,86,West Virginia,Amandaberg,Clifford Island,town,1/18/2024,2/9/2024,Dr. Franco,Heart Disease,Ibuprofen
James,Chad,Hicks,Female,3/28/1983,1.61,77.6,37.2,128/67,79,Ohio,South Samantha,Krystal Views,stad,2/10/2024,2/24/2024,Dr. Davis,Flu,Paracetamol
Jason,John,Holland,Male,10/28/1975,1.62,67.6,36,135/72,74,Nebraska,Martinezborough,Jose Unions,fort,1/3/2024,1/21/2024,Dr. Rivera,Arthritis,Insulin
Judith,John,West,Female,12/12/1950,1.87,77.7,37.2,107/62,70,Georgia,Samuelmouth,Jones Port,town,7/7/2024,8/2/2024,Dr. Bradford,Migraine,Aspirin
Laurie,Allison,Cox,Female,7/7/1971,1.66,75.6,37.1,94/70,70,Missouri,New Ricky,Shannon Curve,port,2/17/2024,3/10/2024,Dr. Myers,Heart Disease,Lisinopril
Geoffrey,Jamie,Graham,Female,12/27/1961,1.55,53,36.8,106/73,96,Connecticut,Coreyfurt,Robin View,town,6/12/2024,6/22/2024,Dr. Bray,Migraine,Aspirin
Sergio,Caitlin,Torres,Female,3/1/2005,1.84,63.2,36.8,139/78,78,Hawaii,Fergusonstad,Alexander Dam,side,8/17/2024,9/16/2024,Dr. Jones,Arthritis,Paracetamol
Anita,Jeffrey,Hamilton,Female,2/15/1985,1.79,93.3,37.4,137/66,99,Mississippi,Chavezmouth,Nguyen Drive,borough,7/23/2024,8/18/2024,Dr. Smith,Anemia,Amoxicillin
Kathleen,Nicole,Thornton,Male,4/6/2001,1.62,62.9,36.1,96/61,95,Delaware,Howardview,Kimberly Centers,side,2/16/2024,3/10/2024,Dr. Frederick,Flu,Lisinopril
Peter,Spencer,Flores,Male,5/1/2006,1.99,53.7,37.3,109/86,81,Mississippi,West Sergioborough,Berger Viaduct,ville,7/4/2024,7/29/2024,Dr. Anderson,Anemia,Paracetamol
Peter,Matthew,Rush,Male,9/29/1980,1.73,76.8,36.7,120/60,64,Montana,Laneport,Ballard Fort,stad,2/7/2024,2/15/2024,Dr. Munoz,Arthritis,Atorvastatin
Andrew,Adam,Barnes,Male,8/30/1966,1.83,84.1,36.8,106/89,75,Virginia,East Stephanie,Sara Alley,stad,4/1/2024,4/16/2024,Dr. Jenkins,Anemia,Omeprazole
Christopher,Lori,Pollard,Female,5/23/2004,1.79,88.5,36.9,128/78,60,Virginia,Younghaven,Johnson Turnpike,port,1/15/2024,1/26/2024,Dr. Hendrix,COVID-19,Lisinopril
Susan,Eric,Morris,Male,2/19/1946,1.84,71.2,36.3,131/63,69,South Carolina,Danielport,Luis Freeway,town,5/2/2024,5/28/2024,Dr. Campbell,Arthritis,Amoxicillin
Cynthia,Natasha,Smith,Male,10/5/1972,1.84,76.4,36.5,124/81,88,Texas,North Robertstad,Christopher Islands,side,4/5/2024,4/12/2024,Dr. Owens,Flu,Paracetamol
Valerie,Rebecca,Vega,Male,4/8/1954,1.85,68.1,36.1,94/65,78,New York,South Kellyview,Ward Place,mouth,2/5/2024,2/22/2024,Dr. Dixon,COVID-19,Amoxicillin
Danielle,Matthew,Hayes,Female,3/31/1961,1.78,68.1,37.5,129/67,91,Texas,South Ronald,Brenda Port,side,5/30/2024,6/12/2024,Dr. Flores,Heart Disease,Amoxicillin
Jared,Gloria,Stevenson,Female,10/5/1945,1.59,99.5,37.4,140/60,94,New Mexico,Lake Natalieton,Kelly Center,land,7/10/2024,8/1/2024,Dr. Vang,Heart Disease,Insulin
Tonya,James,Taylor,Female,1/13/1974,1.98,71.4,37.2,103/61,99,Indiana,Ashleyfort,Brad Route,ville,7/29/2024,8/21/2024,Dr. Bernard,Migraine,Aspirin
Martha,Karen,Nelson,Female,8/3/1958,1.82,96.8,36.5,129/84,97,Georgia,Alishabury,Olsen Locks,borough,3/9/2024,3/26/2024,Dr. Le,Anemia,Metformin
Megan,William,Leonard,Male,5/7/1990,1.7,85.7,36.9,101/78,89,Connecticut,North Tiffany,Ashley Avenue,side,4/2/2024,5/1/2024,Dr. Buckley,Anemia,Amoxicillin
James,Emily,Rogers,Female,10/28/1939,1.68,65.6,37,105/90,63,Mississippi,Smithburgh,Mary Oval,burgh,7/29/2024,8/9/2024,Dr. Cochran,Anemia,Lisinopril
Haley,Megan,Orozco,Male,4/1/1949,1.67,63.2,36.5,97/89,61,Illinois,Wuhaven,Hubbard Views,borough,8/3/2024,8/14/2024,Dr. Garcia,Heart Disease,Ibuprofen
Ernest,Richard,Olson,Male,1/23/1944,1.61,95.6,36.1,119/84,85,Arkansas,Fritzburgh,Mathis Port,bury,8/2/2024,8/24/2024,Dr. Landry,Anemia,Ibuprofen
Steven,Elizabeth,Jones,Male,10/4/1990,1.52,86,37.4,109/76,79,Massachusetts,Kellerburgh,Julie Mission,haven,2/10/2024,2/26/2024,Dr. Gibson,Diabetes,Insulin
Maureen,Robert,Freeman,Male,10/11/1960,1.93,86.1,36.5,119/75,76,California,Travisstad,Smith Square,fort,4/12/2024,4/30/2024,Dr. Roach,Asthma,Paracetamol
Shane,Kevin,Klein,Male,8/18/2003,1.62,58.9,37,115/63,72,California,Lake Timothyburgh,Patty Summit,land,8/23/2024,9/4/2024,Dr. Stokes,COVID-19,Omeprazole
Johnny,Tammy,Bolton,Male,5/12/1955,1.63,94.4,37.4,117/60,73,Delaware,Matthewport,Allen Tunnel,ton,8/11/2024,9/10/2024,Dr. Arnold,COVID-19,Aspirin
David,Mary,Huff,Female,12/1/1952,1.52,90.5,37.3,102/82,62,Kansas,East John,Tiffany Drives,fort,6/4/2024,6/21/2024,Dr. Bailey,Migraine,Omeprazole
Marie,Darlene,Burke,Male,3/16/1998,1.6,83,37.4,104/76,70,Tennessee,East Andrew,Sampson Park,town,4/30/2024,5/27/2024,Dr. Berger,Anemia,Aspirin
Chris,Shannon,Mccormick,Female,6/8/1975,1.68,55.6,36.8,139/73,83,Nevada,Grahamland,Davis Avenue,mouth,2/7/2024,3/3/2024,Dr. Holmes,Migraine,Metformin
Daniel,Ashley,Rodgers,Male,10/1/1945,1.66,64.3,37.4,123/88,86,Vermont,West Debra,John Corner,burgh,1/25/2024,2/13/2024,Dr. Jackson,Arthritis,Lisinopril
Wesley,Tamara,Hernandez,Female,11/8/1949,1.79,60.7,36.5,94/62,87,Missouri,North Scott,Kristin Highway,view,1/4/2024,1/12/2024,Dr. Murphy,Hypertension,Atorvastatin
Justin,Jesse,Johnson,Female,8/23/1957,1.62,81,36.9,98/68,97,Maine,North Charlesburgh,Cynthia Neck,shire,4/5/2024,5/5/2024,Dr. King,Hypertension,Atorvastatin
Glenn,Jacob,Jenkins,Female,2/25/1992,1.77,52.3,37.5,112/69,78,Oregon,East David,King Turnpike,town,5/19/2024,6/14/2024,Dr. Preston,Hypertension,Metformin
Amanda,Amy,Turner,Male,5/21/1982,1.55,81,37.1,99/90,78,Nebraska,North Robertland,Garcia Hollow,burgh,4/29/2024,5/17/2024,Dr. Stewart,Hypertension,Omeprazole
Jennifer,Sandra,Fields,Female,9/20/1940,1.5,94.7,36.4,110/87,82,Mississippi,New Michaelmouth,Gross Expressway,ton,4/30/2024,5/18/2024,Dr. Williams,Arthritis,Lisinopril
Eric,Grant,Hall,Male,12/27/1965,1.82,75.5,37.2,125/75,64,Washington,Leonberg,Stephen Common,mouth,4/24/2024,5/24/2024,Dr. Walker,Diabetes,Amoxicillin
Mason,Sara,Berry,Male,9/13/1981,1.68,54.4,37.2,140/75,63,Colorado,Sellerston,Baker Row,port,2/22/2024,3/10/2024,Dr. Swanson,Anemia,Atorvastatin
Michael,Jose,Luna,Male,3/15/2002,1.67,97.8,36.8,105/64,83,Kansas,Port Elizabethville,Johnson Station,port,4/11/2024,5/10/2024,Dr. Gray,Heart Disease,Amoxicillin
Ricardo,Jodi,Sanchez,Female,11/1/1957,1.83,74.4,37.2,107/86,63,South Dakota,Mirandamouth,Elizabeth Spurs,burgh,2/17/2024,3/8/2024,Dr. Williams,Arthritis,Metformin
Joseph,John,Buchanan,Male,11/22/1997,1.56,74.6,36.5,136/69,80,Minnesota,New Gregory,Rodney Union,haven,6/29/2024,7/21/2024,Dr. Rodriguez,Diabetes,Ibuprofen
Rebecca,Sierra,Patton,Male,1/13/1938,1.51,71.3,36,140/70,98,Alabama,Shelbyborough,Scott Knoll,view,9/3/2024,9/23/2024,Dr. Stevens,Diabetes,Aspirin
Sherry,Pamela,Baldwin,Female,12/30/1967,1.55,57.4,36.8,120/89,91,Washington,Valerietown,Perez Prairie,bury,3/2/2024,3/11/2024,Dr. Little,Anemia,Metformin
Emily,Linda,Garcia,Female,1/22/1987,1.89,57.9,37,130/75,65,Texas,New Savannah,Tara Mountain,town,5/24/2024,6/21/2024,Dr. Gonzalez,COVID-19,Metformin
Blake,David,Meyer,Male,9/22/1979,1.93,81.2,36,113/63,80,Michigan,Port Ravenberg,Wagner Gardens,chester,1/8/2024,1/29/2024,Dr. Green,Heart Disease,Lisinopril
Ashley,Jeffrey,Ramos,Female,6/11/1989,1.69,75.3,36.1,129/76,75,Idaho,Lake Kathryn,Smith Freeway,berg,1/11/2024,1/23/2024,Dr. Cook,Hypertension,Atorvastatin
Katherine,Jeremiah,Potter,Male,11/8/1938,1.82,63.9,36.7,91/82,90,Idaho,Eugenechester,Clark Manors,town,4/21/2024,5/8/2024,Dr. Simmons,COVID-19,Metformin
Sharon,Dawn,Anderson,Female,4/30/1942,1.64,99.6,36.3,90/77,94,South Carolina,South Ericbury,Malik Mews,stad,6/5/2024,6/18/2024,Dr. Smith,Asthma,Ibuprofen
Karl,Joshua,Perez,Female,2/16/1945,1.82,99.8,36.3,118/63,97,Indiana,West Jeanette,Leslie Passage,view,8/18/2024,9/2/2024,Dr. Solis,Heart Disease,Insulin
